% f [], x0[px], y0[px]
87557.625199631322175,1023.9494656488341207,1023.6837250915713184
